タイトル,発売日,カテゴリ,リンク種別,URL
"Fighting Vipers - 30th Anniv. Album -","2025.11.27","arcade","内部","https://music.sega.co.jp/release/arcade/fv.html"
"オシャレ魔女 ラブ and ベリー - 20th Anniversary Album -","2025.09.25","arcade","内部","https://music.sega.co.jp/release/arcade/osharemajo.html"
"SEGA RALLY CHAMPIONSHIP - 30th Anniv. Album -","2024.10.17","arcade","内部","https://music.sega.co.jp/release/arcade/src.html"
"英傑大戦 オリジナルサウンドトラック −音曲集−","2024.03.07","arcade","外部","https://info-eiketsu-taisen.sega.jp/archives/3359"
"Virtua Fighter 3tb Online PREMIUM MUSIC COLLECTION","2023.12.14","arcade","外部","https://info-virtuafighter.sega.jp/archives/607"
"VIRTUA FIGHTER 5 ULTIMATE SHOWDOWN ORIGINAL SOUNDTRACK","2022.02.23","arcade","外部","https://info-virtuafighter.sega.jp/archives/305"
"三国志大戦 オリジナルサウンドトラック −輪音協奏2−","2021.11.11","arcade","外部","https://www.sangokushi-taisen.com/news/#/id/79df73275e9c4767"
"GO SEGA - 60th ANNIVERSARY Album -","2021.03.24","arcade","内部","https://music.sega.co.jp/release/consumer/gosega.html"
"SEGA 60th Anniversary Official Bootleg DJ Mix","2021.03.24","arcade","外部","https://60th.sega.com/contents/goods/item_cd-djmix.html"
"Technosoft Music Collection -THUNDER FORCE & AC-","2020.07.23","arcade","外部","https://archives.sega.jp/segaages/news/200707.shtml"
"G-LOC AIR BATTLE -Series Music Collection-","2020.03.26","arcade","外部","https://archives.sega.jp/segaages/news/200310.shtml"
"SEGA World Drivers Championship -Original Sound Track-","2020.02.15","arcade","内部","https://music.sega.co.jp/release/arcade/swdc.html"
"ASTRO CITY mini - Celebration Album -","2020.12.17","arcade","内部","https://music.sega.co.jp/release/arcade/astrocitymini.html"
"Reconnect the Metaverse","2019.12.28","arcade","外部","https://chunithm.sega.jp/cd/"
"Genesis Of Destiny RC","2019.12.28","arcade","外部","https://chunithm.sega.jp/cd/"
"GUMIN☠NATION","2019.09.06","arcade","外部","https://chunithm.sega.jp/cd/"
"ようこそ！ハッピーアニマリア2","2019.09.06","arcade","外部","https://chunithm.sega.jp/cd/"
"タソガレリレイション","2019.09.06","arcade","外部","https://chunithm.sega.jp/cd/"
"HOUSE OF THE DEAD 〜SCARLET DAWN〜 ORIGINAL SOUND TRACKS","2019.07.24","arcade","なし",""
"Liberate the Metaverse","2019.02.20","arcade","外部","https://chunithm.sega.jp/cd/"
"SEGA AGES OutRun -Music Collection-","2019.02.23","arcade","外部","https://archives.sega.jp/segaages/news/190207.shtml"
"三国志大戦 オリジナルサウンドトラック −輪音協奏−","2019.03.23","arcade","外部","https://www.sangokushi-taisen.com/news/#/id/z6zmfhur7s7qhwz5"
"Hiro ReMix WorKs","2018.02.24","arcade","外部","https://ebten.jp/p/4571164387062"
"Genesis Of Destiny R2","2018.09.22","arcade","外部","https://chunithm.sega.jp/cd/"
"GUMIN☠LIFE","2018.09.22","arcade","外部","https://chunithm.sega.jp/cd/"
"たまゆらリレイション","2018.06.05","arcade","外部","https://chunithm.sega.jp/cd/"
"ようこそ！ハッピーアニマリア","2018.06.05","arcade","外部","https://chunithm.sega.jp/cd/"
"S.S.T.BAND -30th Anniversary Box-","2018.12.15","arcade","なし",""
"CHUNITHM ALL JUSTICE COLLECTION ep. I","2017.11.25","arcade","外部","https://chunithm.sega.jp/cd/"
"Genesis Of Destiny Rebellion","2017.11.25","arcade","外部","https://chunithm.sega.jp/cd/"
"Observe the Metaverse","2017.11.25","arcade","外部","https://chunithm.sega.jp/cd/"
"GUMIN☠WORKS","2017.04.30","arcade","外部","https://chunithm.sega.jp/cd/"
"空威張りビヘイビア -言ノ葉Project ORIGINAL SOUND TRACK- 第四章","2017.02.10","arcade","外部","https://www.gamers.co.jp/pn/pd/10453922/"
"洗脳-言ノ葉黒鎖 -言ノ葉Project ORIGINAL SOUND TRACK- 第三章","2017.02.10","arcade","外部","https://www.gamers.co.jp/pn/pd/10316408/"
"アテインリレイション","2016.12.29","arcade","外部","https://chunithm.sega.jp/cd/"
"World Of Metaverse","2016.08.12","arcade","外部","https://chunithm.sega.jp/cd/"
"Genesis of Destiny","2016.04.24","arcade","外部","https://chunithm.sega.jp/cd/"
"言ノ葉遊戯 -言ノ葉Project ORIGINAL SOUND TRACK- 第二章","2016.04.24","arcade","外部","https://www.gamers-onlineshop.jp/pn/pd/10280155/"
"JUN SENOUE / THE WORKS II","2016.02.24","arcade","なし",""
"タイトー デジタルサウンドアーカイブス 〜Arcade〜 Vol.6","2016.02.24","arcade","なし",""
"ウタカタリレイション","2015.12.29","arcade","外部","https://chunithm.sega.jp/cd/"
"言ノ葉カルマ -言ノ葉Project ORIGINAL SOUND TRACK- 第一章","2015.12.29","arcade","外部","https://www.gamers.co.jp/pn/pd/10245515/"
"タイトー デジタルサウンドアーカイブス 〜Arcade〜 Vol.5","2015.12.23","arcade","なし",""
"GUMIN☠DAYS","2015.10.25","arcade","外部","https://chunithm.sega.jp/cd/"
"Invitation from CHUNITHM","2015.10.05","arcade","外部","https://chunithm.sega.jp/cd/"
"SEELISCH TACT","2015.09.17","arcade","外部","https://chunithm.sega.jp/cd/"
"タイトー デジタルサウンドアーカイブス 〜Arcade〜 Vol.4","2015.08.26","arcade","なし",""
"セガ システム24 サウンドコレクション","2015.07.29","arcade","なし",""
"タイトー デジタルサウンドアーカイブス 〜Arcade〜 Vol.3","2015.05.27","arcade","なし",""
"Hiro 30th Anniversary Album / Thank you for listening!","2015.02.25","arcade","なし",""
"タイトー デジタルサウンドアーカイブス 〜Arcade〜 Vol.2","2015.02.25","arcade","なし",""
"タイトー デジタルサウンドアーカイブス 〜Arcade〜 Vol.1","2014.12.24","arcade","なし",""
"魔法大作戦 オリジナルサウンドトラック","2013.04.24","arcade","なし",""
"From Loud 2 Low SUN","2013.03.27","arcade","なし",""
"UNDER NIGHT IN-BIRTH ORIGINAL SOUNDTRACK SIDE-ABYSS","2012.12.19","arcade","なし",""
"コットン オリジナルサウンドトラック","2012.12.19","arcade","なし",""
"セガ システム16 コンプリート サウンドトラック Vol.3","2012.03.14","arcade","なし",""
"ガンブレードNY ＆ L.A.マシンガンズ オリジナルサウンドトラック","2011.12.28","arcade","なし",""
"[H.] 1st ALBUM","2011.12.21","arcade","なし",""
"レールチェイス オリジナルサウンドトラック","2011.07.27","arcade","なし",""
"ラッドモビール オリジナルサウンドトラック","2011.07.27","arcade","なし",""
"いっき おんらいん 音楽集 聴いてくんさい","2011.08.24","arcade","なし",""
"バーチャファイター5 オリジナルサウンドトラック","2011.05.18","arcade","なし",""
"パワードリフト オリジナルサウンドトラック","2011.04.27","arcade","外部","http://ebten.jp/sega/p/4571164389974/"
"シャイニング・フォース クロスレイド オリジナルサウンドトラック","2011.01.26","arcade","なし",""
"セガ システム16 コンプリート サウンドトラック Vol.2","2011.02.28","arcade","なし",""
"ボーダーブレイク エアバースト オリジナルサウンドトラック","2010.12.22","arcade","なし",""
"セガ システム16 コンプリート サウンドトラック Vol.1","2010.07.30","arcade","なし",""
"クラッキンDJ コンプリート アルバム","2010.04.21","arcade","なし",""
"ザ ワークス","2009.10.21","arcade","なし",""
"ラスト ブレイブ 〜ゴートゥ ゼロ","2009.10.21","arcade","外部","http://db.geneon-ent.co.jp/search_new/show_detail.php?softid=GNCA-7925"
"アレックスキッド コンプリート アルバム","2009.10.30","arcade","外部","http://ebten.jp/sega/p/4571164389769/"
"SEGA MOTORCYCLE MUSIC HISTORY","2009.10.30","arcade","外部","http://ebten.jp/sega/p/4571164389776/"
"THE BEST OF CRUSH 40 - SUPER SONIC SONGS","2009.11.18","arcade","なし",""
"ボーダーブレイク オリジナルサウンドトラック","2009.11.26","arcade","なし",""
"恋のデカリス","2009.12.17","arcade","なし",""
"From Loud 2 Low Too","2009.06.25","arcade","外部","http://ebten.jp/sega/p/4571164389332/"
"LEGEND OF JOE MUSASHI SHINOBI 忍 MUSIC COLLECTION","2009.07.23","arcade","外部","http://ebten.jp/sega/p/4571164389349/"
"レッツ ゴー ア ウェイ ザ ビデオゲーム デイトナUSA Anniversary BOX","2009.03.25","arcade","外部","http://ebten.jp/sega/p/4571164389738/"
"ダービーオーナーズ倶楽部2008 Feel The Rush Soundtrack","2009.02.25","arcade","なし",""
"ファンタジーゾーン ウルトラスーパービッグマキシムグレートストロング・コンプリートアルバム","2008.09.11","arcade","外部","http://ebten.jp/sega/p/4571164389653/"
"ムジカ エ WCCF セカンド モビメント","2008.07.31","arcade","外部","http://ebten.jp/sega/p/4571164389646/"
"ゴールデンアックス ザ ミュージック","2008.02.21","arcade","外部","http://ebten.jp/sega/p/4571164389608/"
"タッチでズノーDSオリジナルサウンドトラック","2008.01.17","arcade","外部","http://ebten.jp/sega/p/4571164389561/"
"電脳戦機バーチャロン ORIGINAL SOUND TRACK","2007.10.25","arcade","外部","http://ebten.jp/sega/p/4571164389486/"
"ダイナマイト刑事EX","2007.11.29","arcade","外部","http://ebten.jp/sega/p/4571164389530/"
"アフターバーナー 20th Anniversary BOX","2007.11.29","arcade","外部","http://ebten.jp/sega/p/4571164389471/"
"ギャラクシーフォースII＆サンダーブレード オリジナルサウンドトラック","2007.07.26","arcade","外部","http://ebten.jp/sega/p/4571164389417/"
"ツースパイシー オリジナルサウンドトラック","2007.07.12","arcade","外部","http://ebten.jp/sega/p/4571164389391/"
"モンスターワールド コンプリートコレクション","2007.03.08","arcade","外部","http://ebten.jp/sega/p/4571164389301/"
"アウトラン 20th Anniversary BOX","2007.02.08","arcade","外部","http://ebten.jp/sega/p/4571164389202/"
"ニューセンチュリー/ベイシスケイプ SEGA AGES 2500シリーズ Vol.28 オリジナルサウンドトラック","2006.09.28","arcade","外部","http://ebten.jp/sega/p/4571164389219/"
"クエスト オブ D サウンドトラック","2006.10.05","arcade","外部","http://ebten.jp/sega/p/4571164389189/"
"アフターバーナークライマックス オリジナルサウンドトラック","2006.11.09","arcade","外部","http://ebten.jp/sega/p/4571164389196/"
"三国志大戦 オリジナルサウンドトラック","2006.06.29","arcade","外部","http://ebten.jp/sega/p/4571164389097/"
"ダイナマイト刑事 v.s. ウィングウォー オリジナルサウンドトラック","2006.04.27","arcade","外部","http://ebten.jp/sega/p/4571164389103/"
"セガ・ピアノ夜想曲(ノクターン）","2005.01.26","arcade","なし",""
"THE HOUSE OF THE DEAD 4 ORIGINAL SOUNDTRACKS","2005.12.22","arcade","外部","http://ebten.jp/sega/p/4571164389028/"
"スペースハリアーII / 〜スペースハリアーコンプリートコレクション〜 オリジナルサウンドトラック","2005.10.27","arcade","外部","http://ebten.jp/sega/p/4571164380728/"
"エス ディ アイ & カルテット / 〜SEGA SYSTEM 16 COLLECTION〜 オリジナルサウンドトラック","2005.10.27","arcade","外部","http://ebten.jp/sega/p/4571164380735/"
"電脳戦機バーチャロンフォース オフィシャルサウンドデータ [ マージナル ]","2005.08.20","arcade","外部","http://ebten.jp/sega/p/4571164380247/"
"セガロックス / LIVE IN JAPAN","2004.12.15","arcade","なし",""
"ザ・ランブルフィッシュ オリジナル・サウンド・トラック","2004.11.05","arcade","なし",""
"セガ ロック VOL.1","2004.06.09","arcade","なし",""
"セガ ロック VOL.2","2004.06.09","arcade","なし",""
"オーリーキング オリジナルサウンドトラック","2004.05.12","arcade","なし",""
"頭文字D ARCADE STAGE SEGA ORIGINAL TRACKS","2004.03.10","arcade","なし",""
"ことばのパズル もじぴったん おりじなるさうんどとらっく","2003.06.21","arcade","なし",""
"ギルティギアシリーズ ベストサウンドコレクション","2002.11.05","arcade","なし",""
"BURNING RANGERS - SEGASATURN 30th Anniv. Album -","2024.11.22","consumer","内部","https://music.sega.co.jp/release/consumer/br.html"
"ぷよぷよパズルポップ - オリジナルサウンドトラック -","2024.10.24","consumer","内部","https://music.sega.co.jp/release/consumer/puyopop.html"
"Technosoft Music Collection - THUNDER FORCE V -","2024.08.08","consumer","なし",""
"404 GAME RE:SET -エラーゲームリセット- Memorial Album","2023.12.27","consumer","なし",""
"ベヨネッタ オリジンズ: セレッサと迷子の悪魔 オリジナル・サウンドトラック","2023.12.20","consumer","なし",""
"BORDER BREAK MUSIC COLLECTION TYPE-06","2023.08.10","consumer","外部","https://ps4.borderbreak.com/news/2023-07-10"
"SEGA Archives - M2 Music Memorial -","2023.04.27","consumer","なし",""
"BAYONETTA 3 ORIGINAL SOUNDTRACK","2023.03.29","consumer","なし",""
"Technosoft Music Collection - ELEMENTAL MASTER -","2022.12.14","consumer","なし",""
"Mega Drive Mini 2 - Multiverse Sound World -","2022.11.24","consumer","なし",""
"Mega Drive Mini 2 - Celebration Album -","2022.10.27","consumer","なし",""
"DYNA BROTHERS 1 & 2 - Music Album -","2022.09.22","consumer","なし",""
"ALESTE COLLECTION - Music Album -","2022.04.21","consumer","なし",""
"Technosoft Music Collection - THUNDER FORCE I & II -","2022.02.24","consumer","なし",""
"Technosoft Music Collection - THUNDER FORCE IV -","2021.08.19","consumer","外部","https://archives.sega.jp/segaages/news/210720.shtml"
"BORDER BREAK MUSIC COLLECTION TYPE-05","2020.12.25","consumer","外部","http://ps4.borderbreak.com/news/2020-11-25-1"
"BORDER BREAK MUSIC COLLECTION TYPE-04","2020.08.31","consumer","外部","http://ps4.borderbreak.com/news/2020-08-21-4"
"Technosoft Music Collection − HERZOG & HERZOG ZWEI −","2020.08.27","consumer","外部","https://archives.sega.jp/segaages/news/200820.shtml"
"BORDER BREAK MUSIC COLLECTION TYPE-03","2020.04.28","consumer","外部","http://ps4.borderbreak.com/news/2020-04-14-2"
"Mega Drive Mini -Celebration Album-","2019.12.12","consumer","なし",""
"BORDER BREAK MUSIC COLLECTION TYPE-02","2019.08.31","consumer","外部","http://ps4.borderbreak.com/news/2019-08-01-1"
"BORDER BREAK MUSIC COLLECTION","2019.04.28","consumer","外部","http://ps4.borderbreak.com/news/2019-04-01-2"
"BAYONETTA 2 Original Soundtrack","2014.10.29","consumer","なし",""
"メガドライブ 25th アニバーサリーアルバム Vol.1","2014.07.02","consumer","なし",""
"PHANTASY STAR PORTABLE 2 INFINITY ORIGINAL SOUNDTRACK","2013.09.19","consumer","なし",""
"セガ SG-1000 30th アニバーサリーコレクション","2013.07.31","consumer","なし",""
"ぷよぷよ ヴォーカルトラックス","2013.03.27","consumer","なし",""
"特殊報道部 オリジナルサウンドトラック","2013.02.27","consumer","なし",""
"烈火・武者アレスタ・スプリガンズ ナグザット シューティングコレクション","2012.11.28","consumer","なし",""
"マックス アナーキー オリジナルサウンドトラック","2012.07.04","consumer","なし",""
"ベア・ナックル オリジナルサウンドトラック","2012.06.27","consumer","なし",""
"ゲーム アーツ ベストコレクション","2012.02.16","consumer","なし",""
"リズム怪盗R 皇帝ナポレオンの遺産 オリジナル サウンドトラック","2012.02.15","consumer","なし",""
"Shinobi 3D Original Soundtrack","2012.01.25","consumer","なし",""
"ぷよぷよ！！オリジナルサウンドトラック","2012.01.25","consumer","なし",""
"サンソフト ミュージックコレクション Vol.3","2011.12.30","consumer","なし",""
"サンソフト ミュージックコレクション Vol.4","2011.12.14","consumer","なし",""
"ソーサリアン オリジナルサウンドトラック Vol.2","2011.10.12","consumer","なし",""
"サンソフト ミュージックコレクション Vol.2","2011.10.12","consumer","なし",""
"ソーサリアン オリジナルサウンドトラック Vol.1","2011.08.24","consumer","なし",""
"サンソフト ミュージックコレクション Vol.1","2011.08.24","consumer","なし",""
"きく コロぱた 〜コロぱた サウンドトラック","2011.04.27","consumer","なし",""
"夢幻戦士ヴァリス -PC SOUND ORCHESTRA-","2011.04.27","consumer","なし",""
"メガドライブ ラストアクションヒーローズ","2010.12.29","consumer","なし",""
"VANQUISH Original Soundtrack","2010.10.27","consumer","なし",""
"スーパー32X 15th アニバーサリー アルバム","2010.03.31","consumer","なし",""
"PHANTASY STAR PORTABLE 2 Original Sound Track ""Wings of Universe""","2010.01.13","consumer","なし",""
"ぷよぷよ７ オリジナルサウンドトラック","2009.12.11","consumer","なし",""
"BAYONETTA Original Soundtrack","2009.11.04","consumer","なし",""
"ぷよぷよのうた","2009.07.29","consumer","なし",""
"無限航路 オリジナルサウンドトラック","2009.07.29","consumer","なし",""
"ヴァーミリオン対レンタヒーロー オリジナルサウンドトラック","2009.02.25","consumer","外部","http://ebten.jp/sega/p/4571164389721/"
"熱血硬派くにおくん 音楽集","2008.11.21","consumer","なし",""
"ソーサリアン メガドライブバージョン オリジナルサウンドトラック","2008.10.29","consumer","外部","http://ebten.jp/sega/p/4571164389707/"
"NiGHTS into dreams…perfect album","2008.02.21","consumer","外部","http://ebten.jp/sega/p/4571164389615/"
"TRUE BLUE: THE BEST OF SONIC THE HEDGEHOG VOCAL COLLECTION","2008.01.23","consumer","外部","https://www.amazon.co.jp/dp/B000WZO662"
"どきどき魔女神判 〜うきうきサマーバケーション〜 シモベと魔女とビーチの話","2007.11.29","consumer","なし",""
"探偵 神宮寺三郎DS いにしえの記憶 オリジナル サウンドトラック","2007.11.22","consumer","なし",""
"ホームスター ポータブル オリジナルサウンドトラック","2007.11.22","consumer","外部","http://ebten.jp/sega/p/4571164389431/"
"KOF MAXIMUM IMPACT REGULATION ""A"" ORIGINAL SOUND TRACK","2007.08.22","consumer","なし",""
"ぷよぷよフィーバー１＆２サウンドトラック","2007.07.26","consumer","外部","http://ebten.jp/sega/p/4571164389424/"
"どきどき魔女神判！ オリジナルサウンドトラックス","2007.07.25","consumer","なし",""
"クロスワード天国 クロ天のうた ササキトモコと巻き舌一家","2007.06.21","consumer","外部","http://ebten.jp/sega/p/4571164389318/"
"タッチ・デ・ウノー！DS オリジナルサウンドトラック","2007.06.21","consumer","外部","http://ebten.jp/sega/p/4571164389387/"
"ルーマニア203 ポロリ青春 ポロリ青春名曲アルバム 増量版","2007.06.21","consumer","外部","http://ebten.jp/sega/p/4571164389361/"
"SHINING WIND Music Collection","2007.05.31","consumer","外部","http://ebten.jp/sega/p/4571164389356/"
"ぷよぷよ! ORIGINAL SOUNDTRACK","2007.03.21","consumer","なし",""
"ブラック・ジャック 火の鳥編 Original Sound Track","2007.03.08","consumer","外部","http://ebten.jp/sega/p/4571164389264/"
"SONIC THE HEDGEHOG VOCAL TRAXX SEVERAL WILLS","2007.01.10","consumer","外部","http://www.amazon.co.jp/dp/B000KF0TRO/"
"SONIC THE HEDGEHOG ORIGINAL SOUND TRACK","2007.01.10","consumer","外部","http://ebten.jp/sega/p/4571164389240/"
"ファンタシースターユニバース PHANTASY STAR UNIVERSE FOR BRIGHTER DAY","2006.10.12","consumer","外部","http://ebten.jp/sega/p/4571164380360/"
"PHANTASY STAR UNIVERSE SAVE THIS WORLD PHANTASY STAR UNIVERSE ORIGINAL SCORE","2006.09.13","consumer","外部","http://www.amazon.co.jp/dp/B000GPIHX6/"
"セガガガ / SGGG5","2006.07.20","consumer","外部","http://ebten.jp/sega/p/4571164389165/"
"セガ シミュレーション ベスト 〜アドバンスド大戦略 オリジナルサウンドトラック〜","2006.04.27","consumer","外部","http://ebten.jp/sega/p/4571164389080/"
"パンツァードラグーン オリジナルサウンドトラック","2006.04.27","consumer","外部","http://ebten.jp/sega/p/4571164389127/"
"SONIC RIDERS ORIGINAL SOUNDTRACK","2006.03.16","consumer","外部","http://ebten.jp/sega/p/4571164389073/"
"シャドウ ザ ヘッジホッグ ORIGINAL SOUNDTRAX","2006.02.22","consumer","外部","http://ebten.jp/sega/p/4571164389035/"
"シャドウ ザ ヘッジホッグ LOST AND FOUND SHADOW THE HEDGEHOG VOCAL TRACKS","2006.02.22","consumer","外部","https://www.amazon.co.jp/dp/B000CQM0UU"
"セガラリー 2006 ORIGINAL SOUND TRACK","2006.01.18","consumer","なし",""
"あかどこ & きみしね 〜愛の伝説CD〜","2005.11.24","consumer","外部","http://ebten.jp/sega/p/4571164389004/"
"新撰組 / ですくとっぷあくせさりぃ","2005.08.11","consumer","なし",""
"セガサターンヒストリー ビジュアルコレクション Vol.2","2005.05.25","consumer","なし",""
"Shining Theme Music Shiro SAGISU Collection","2005.03.30","consumer","なし",""
"セガサターンヒストリー ヴォーカルコレクション","2005.03.24","consumer","なし",""
"セガサターンヒストリー ビジュアルコレクション Vol.1","2005.03.24","consumer","なし",""
"チュンソフトゲームミュージック グレイテストコレクション / V.A.","2004.12.15","consumer","なし",""
"風来のシレン 20th スペシャルコレクション","2004.12.15","consumer","なし",""
"セガサターンヒストリー 〜サターンが青春だった〜 上巻","2004.10.27","consumer","なし",""
"セガサターンヒストリー 〜サターンが青春だった〜 下巻","2004.10.27","consumer","なし",""
"セラニポージ / オチャメカン","2004.06.30","consumer","なし",""
"RADIO DC / V.A.","2004.05.12","consumer","なし",""
"鉄腕アトム ASTRO BOY","2004.04.07","consumer","なし",""
"頭文字D / SPECIAL STAGE SEGA ORIGINAL TRACKS","2004.03.10","consumer","なし",""
"Phantasy Star Online episodeIII C.A.R.D.Revolution LET THE WINDS BLOW","2003.12.10","consumer","なし",""
"セラニポージ / Bomber Minmi","2003.12.03","consumer","なし",""
"ジャイアントエッグ / MUSIC POPPRD OUT OF THE EGG","2003.11.06","consumer","なし",""
"スカイガンナー オリジナルサウンドトラックス","2003.07.21","consumer","なし",""
"segaGT2002サウンドトラック","2002.11.05","consumer","なし",""
"イーハトーヴォ物語 オリジナルサウンドトラック","2002.09.05","consumer","なし",""
"ふたりのファンタビジョン オリジナルサウンドトラック","2002.08.05","consumer","なし",""
"侍 〜SAMURAI〜 オリジナルサウンドトラック","2002.05.20","consumer","なし",""
"サウンドアドヴェンチャー オホーツクに消ゆ","2002.01.20","consumer","なし",""
"GO SEGA - 60th ANNIVERSARY Album -","2021.03.24","sonic","内部","https://music.sega.co.jp/release/consumer/gosega.html"
"Sonic The Hedgehog DJ Style ""PARTY""","2020.06.17","sonic","外部","http://sonic.sega.jp/SonicChannel/topics/sound/20200415_002204/"
"JUN SENOUE / THE WORKS III","2019.06.19","sonic","外部","http://sonic.sega.jp/SonicChannel/topics/sound/20190531_001916/"
"MAXIMUM OVERDRIVE - TEAM SONIC RACING ORIGINAL SOUNDTRACK","2019.05.29","sonic","外部","http://sonic.sega.jp/SonicChannel/topics/sound/20190529_001913/"
"Sonic Forces Vocal Traxx - On The Edge","2017.12.13","sonic","外部","http://sonic.sega.jp/SonicChannel/topics/sound/20171012_001458/"
"Sonic Forces Original Soundtrack - A Hero Will Rise","2017.12.13","sonic","外部","http://sonic.sega.jp/SonicChannel/topics/sound/20171012_001458/"
"Sonic Runners Complete Soundtrack","2016.09.14","sonic","外部","http://sonic.sega.jp/SonicChannel/topics/sound/20160701_001079/"
"SONIC THE HEDGEHOG 25TH ANNIVERSARY SELECTION","2016.06.22","sonic","外部","http://sonic.sega.jp/SonicChannel/topics/sound/20160610_001059/"
"JUN SENOUE / The Works II","2016.02.24","sonic","外部","http://sonic.sega.jp/SonicChannel/soundcolumn/senoue/20160212_000987/"
"Passion & Pride: Anthems with Attitude from the Sonic Adventure Era","2014.09.10","sonic","外部","http://sonic.sega.jp/SonicChannelOld/topics/sound/140901/"
"SONIC AND SEGA ALL-STAR RACING TRANSFORMED Original Soundtrack","2014.05.28","sonic","外部","https://www.amazon.co.jp/dp/B00IUCKVIG"
"SONIC LOST WORLD ORIGINAL SOUNDTRACK WITHOUT BOUNDARIES","2013.11.27","sonic","外部","https://www.amazon.co.jp/dp/B00F34CXLW"
"SONIC THE HEDGEHOG 4 EPISODE I/II オリジナルサウンドトラック","2012.08.01","sonic","外部","https://www.amazon.co.jp/dp/B0089F2S80"
"SONIC GENERATIONS Original Soundtrack : Blue Blur","2012.01.11","sonic","なし",""
"HISTORY OF SONIC MUSIC 20th Anniversary Edition","2011.12.07","sonic","なし",""
"SONIC THE HEDGEHOG CD Original Soundtrack 20th Anniversary Edition","2011.11.23","sonic","なし",""
"SONIC HEROES Original Soundtrack 20th Anniversary Edition","2011.08.24","sonic","なし",""
"SONIC ADVENTURE 2 Original Soundtrack 20th Anniversary Edition","2011.06.22","sonic","なし",""
"SONIC ADVENTURE Original Soundtrack 20th Anniversary Edition","2011.05.18","sonic","なし",""
"SONIC COLORS ORIGINAL SOUNDTRACK ViViD SOUND × HYBRiD COLORS","2010.12.22","sonic","なし",""
"TRUE COLORS - THE BEST OF SONIC THE HEDGEHOG Part.2 -","2009.12.16","sonic","なし",""
"THE BEST OF CRUSH 40 - SUPER SONIC SONGS","2009.11.18","sonic","なし",""
"JUN SENOUE / THE WORKS","2009.10.21","sonic","なし",""
"ソニックと暗黒の騎士 ORIGINAL SOUNDTRACK TALES OF KNIGHTHOOD","2009.04.08","sonic","外部","https://www.amazon.co.jp/dp/B001TITJZY"
"ソニックと暗黒の騎士 FACE TO FAITH VOCAL TRAX","2009.04.08","sonic","外部","https://www.amazon.co.jp/dp/B001TITJZO"
"SONIC WORLD ADVENTURE ORIGINAL SOUNDTRACK PLANETARY PIECES","2009.01.28","sonic","外部","https://www.amazon.co.jp/dp/B001JI46YS"
"TRUE BLUE: THE BEST OF SONIC THE HEADGEHOG VOCAL COLLECTION","2008.01.23","sonic","外部","https://www.amazon.co.jp/dp/B000WZO662"
"『ソニックライダーズ シューティングスターストーリー』オリジナルサウンドトラック""Zero Gravity Tracks""","2008.01.17","sonic","外部","http://ebten.jp/sega/p/4571164389578/"
"ソニックと秘密のリング SEVEN RINGS IN HAND","2007.03.15","sonic","外部","http://ebten.jp/sega/p/4571164389295/"
"SONIC THE HEDGEHOG ORIGINAL SOUND TRACK","2007.01.10","sonic","外部","http://ebten.jp/sega/p/4571164389240/"
"SONIC THE HEDGEHOG VOCAL TRAXX SEVERAL WILLS","2007.01.10","sonic","外部","http://www.amazon.co.jp/dp/B000KF0TRO/"
"SONIC RIDERS ORIGINAL SOUNDTRACK","2006.03.16","sonic","外部","http://ebten.jp/sega/p/4571164389073/"
"SHADOW THE HEDGEHOG ORIGINAL SOUNDTRAX","2006.02.22","sonic","外部","http://ebten.jp/sega/p/4571164389035/"
"LOST AND FOUND SHADOW THE HEDGEHOG VOVAL TARCKS","2006.02.22","sonic","外部","https://www.amazon.co.jp/dp/B000CQM0UU"
"ソニックヒーローズ COMPLETE TRINITY","2004.03.03","sonic","なし",""
"ソニックエックス オリジナル・サウンド・トラックス","2004.03.03","sonic","なし",""
"ソニックヒーローズ TRIPLE THREAD","2004.02.04","sonic","なし",""
"GO SEGA - 60th ANNIVERSARY Album -","2021.03.24","sakura","内部","https://music.sega.co.jp/release/consumer/gosega.html"
"新サクラ大戦 the Animation オリジナルサウンドトラック","2020.11.11","sakura","なし",""
"新サクラ大戦 オリジナルサウンドトラック","2020.06.24","sakura","なし",""
"新サクラ大戦 歌謡全集","2020.04.29","sakura","なし",""
"パチスロ『サクラ大戦 〜熱き血潮に〜』Original Soundtrack","2018.04.04","sakura","外部","https://sakura-taisen.com/archives/goods/wavemaster35/"
"サクラ大戦 紐育星組ショウ2014 〜お楽しみはこれからだ〜","2014.12.24","sakura","外部","https://sakura-taisen.com/archives/goods/wavemaster34/"
"サクラ大戦 巴里花組ショウ2014 〜ケセラセラ・パリ〜","2014.05.28","sakura","外部","https://sakura-taisen.com/archives/goods/wavemaster33/"
"サクラ大戦 紐育星組ショウ2013 〜ワイルド・ウエスト・希望〜","2013.11.27","sakura","外部","https://sakura-taisen.com/archives/goods/wavemaster32/"
"サクラ大戦 巴里花組ライブ2012 〜レビュウ・モン・パリ〜","2013.03.27","sakura","外部","https://sakura-taisen.com/archives/goods/wavemaster31/"
"サクラ大戦 紐育星組ライブ2012 〜誰かを忘れない世界で〜","2012.12.26","sakura","外部","https://sakura-taisen.com/archives/goods/wavemaster30/"
"サクラ大戦 武道館ライブ2 〜帝都・巴里・紐育〜","2012.02.22","sakura","なし",""
"Revue in Little Lip Theater IV","2011.12.21","sakura","なし",""
"サクラ大戦 紐育星組ライブ2011 〜星を継ぐもの〜","2011.11.30","sakura","外部","https://sakura-taisen.com/archives/goods/wavemaster27.html"
"サクラ大戦 巴里花組 & 紐育星組ライブ2010 〜 可憐な花々 煌めく星々〜","2011.04.27","sakura","外部","https://sakura-taisen.com/archives/goods/wavemaster24.html"
"サクラ大戦「愛が香るころに」C/W「めぐりあう時」","2011.02.23","sakura","外部","https://sakura-taisen.com/archives/goods/wavemaster22.html"
"「パチスロ サクラ大戦3」Original Soundtrack","2011.02.23","sakura","外部","https://sakura-taisen.com/archives/goods/wavemaster23.html"
"サクラ大戦・帝都花組ライブ2010","2010.06.23","sakura","外部","https://sakura-taisen.com/archives/goods/wavemaster26.html"
"サクラ大戦 巴里花組ライブ2009 〜燃え上がれ自由の翼〜","2010.04.28","sakura","外部","https://sakura-taisen.com/archives/goods/wavemaster25.html"
"サクラ大戦・紐育レビュウショウ〜歌う♪大紐育♪3〜 ラストショウ","2008.11.26","sakura","外部","https://sakura-taisen.com/archives/goods/wavemaster21.html"
"サクラ大戦 Revue in Little Lip Theater ?","2008.08.06","sakura","外部","https://sakura-taisen.com/archives/goods/wavemaster20.html"
"「サクラ大戦 〜君あるがため〜」エンディングテーマ『笑って、笑って』","2008.03.26","sakura","外部","https://sakura-taisen.com/archives/goods/wavemaster18.html"
"園崎未恵 / Chocolat","2008.02.14","sakura","なし",""
"高乃麗 / 天国への階段","2007.11.30","sakura","なし",""
"サクラ大戦・紐育レビュウショウ 〜歌う♪大紐育♪2〜","2007.10.31","sakura","外部","https://sakura-taisen.com/archives/goods/wavemaster17.html"
"サクラ大戦・武道館ライブ 〜帝都・巴里・紐育〜","2007.09.26","sakura","外部","https://sakura-taisen.com/archives/goods/wavemaster16.html"
"園崎未恵 / Lucky☆777","2007.07.07","sakura","なし",""
"サクラ大戦 Review In Little Lip Theater II","2007.06.27","sakura","外部","https://sakura-taisen.com/archives/goods/wavemaster15.html"
"園崎未恵 / Tales","2006.12.27","sakura","なし",""
"サクラ大戦･全曲集 2002〜2006","2006.12.13","sakura","外部","https://sakura-taisen.com/archives/goods/wavemaster14.html"
"サクラ大戦・歌謡ショウ ファイナル公演『新・愛ゆえに』","2006.10.25","sakura","外部","https://sakura-taisen.com/archives/goods/wavemaster13.html"
"サクラ大戦歌謡ショウ メモリアルソングス","2006.08.02","sakura","外部","https://sakura-taisen.com/archives/goods/wavemaster12.html"
"サクラ大戦 帝都 さくら咲いた/新・愛ゆえに","2006.08.02","sakura","外部","https://sakura-taisen.com/archives/goods/wavemaster11.html"
"サクラ大戦 帝都 檄! 帝国華撃団全集","2006.07.19","sakura","外部","https://sakura-taisen.com/archives/goods/wavemaster10.html"
"サクラ大戦 紐育レビュウショウ 歌う♪大紐育♪","2006.06.14","sakura","外部","https://sakura-taisen.com/archives/goods/wavemaster9.html"
"サクラ大戦 2006年新春歌謡ショウ跳んでる花組♪","2006.03.15","sakura","外部","https://sakura-taisen.com/archives/goods/wavemaster7.html"
"園崎未恵 / Sphere","2006.03.10","sakura","なし",""
"サクラ大戦 レビュウ イン リトルリップ・シアター〜歌う♪大紐育♪〜","2006.03.01","sakura","外部","https://sakura-taisen.com/archives/goods/wavemaster8.html"
"サクラ大戦 クリスマス巴里/天使の瞳","2005.12.07","sakura","外部","https://sakura-taisen.com/archives/goods/wavemaster6.html"
"サクラ大戦 スーパー歌謡ショウ 新・青い鳥","2005.10.26","sakura","外部","https://sakura-taisen.com/archives/goods/wavemaster5.html"
"サクラ大戦第六期ドラマCDシリーズ ヴォーカル＆サウンドトラック集","2005.10.05","sakura","外部","https://sakura-taisen.com/archives/goods/drama6_vocal_sound.html"
"サクラ大戦V〜さらば愛しき人よ〜 ミュージックコレクション紐育音楽館","2005.09.07","sakura","外部","https://sakura-taisen.com/archives/goods/wavemaster4.html"
"サクラ大戦第六期ドラマCDシリーズ Vol3.紐育編 オーバーザレインボウサンシャイン","2005.08.17","sakura","なし",""
"サクラ大戦V〜さらば愛しき人よ〜 ボーカルコレクション 紐育歌謡全集","2005.08.03","sakura","外部","https://sakura-taisen.com/archives/goods/wavemaster3.html"
"サクラ大戦 スーパー歌謡全集IV 新・青い鳥","2005.07.27","sakura","なし",""
"サクラ大戦V〜さらば愛しき人よ〜 地上の戦士 / ここはパラダイス","2005.07.06","sakura","なし",""
"サクラ大戦第六期ドラマCDシリーズ Vol2.帝都編 花と嵐と帝都の浪漫！","2005.05.25","sakura","なし",""
"ピンクレインボウ 2","2005.04.13","sakura","なし",""
"サクラ大戦第六期ドラマCDシリーズ Vol1.巴里編 疾走！チームシャノワール","2005.02.23","sakura","外部","https://sakura-taisen.com/archives/goods/drama6_1.html"
"ピンクレインボウ ライブ！","2005.02.23","sakura","なし",""
"ピンクレインボウ","2004.11.17","sakura","なし",""
"GO SEGA - 60th ANNIVERSARY Album -","2021.03.24","chunithm","内部","https://music.sega.co.jp/release/consumer/gosega.html"
"HaNaMiNa / Road without Road","2020.03.05","chunithm","外部","https://chunithm.sega.jp/irodorimidori/release/cd23/"
"HaNaMiNa / 正体判明ネームレスガール","2020.01.09","chunithm","外部","https://chunithm.sega.jp/irodorimidori/release/cd22/"
"イロドリミドリ / イロドリミドリ LIVE'19 〜第3話「ON YOUR MARK」〜[Blu-ray]","2019.12.28","chunithm","外部","https://chunithm.sega.jp/irodorimidori/release/cd21/"
"イロドリミドリ / 部活 豪華盤","2019.12.25","chunithm","外部","https://chunithm.sega.jp/irodorimidori/release/cd20/"
"HaNaMiNa / なんかノイズにきこえる","2019.12.04","chunithm","外部","https://chunithm.sega.jp/irodorimidori/release/cd19/"
"HaNaMiNa / ""STAR""T","2019.10.24","chunithm","外部","https://chunithm.sega.jp/irodorimidori/release/cd18/"
"「オンゲキ」LIVE Vol.1 〜Jump!! Jump!! Jump!!〜 [Blu-ray]","2019.10.20","chunithm","外部","https://ongeki.sega.jp/cd/blu-ray01.html"
"イロドリミドリ / イロドリミドリ LIVE'18 〜第2話「Over the 7 Lights」〜 [Blu-ray]","2019.03.20","chunithm","外部","https://chunithm.sega.jp/irodorimidori/release/cd17/"
"イロドリミドリ / イロドリミドリ杯花映塚全一決定戦 公式テーマソング『ウソテイ』","2018.05.06","chunithm","外部","https://chunithm.sega.jp/irodorimidori/release/cd10/"
"イロドリミドリ / Session High↑ type B [CD+Blu-ray]","2018.02.07","chunithm","外部","https://chunithm.sega.jp/irodorimidori/release/cd11/"
"イロドリミドリ / 推薦","2017.11.01","chunithm","外部","https://chunithm.sega.jp/irodorimidori/release/cd09/"
"イロドリミドリ / Still type B [CD+Blu-ray]","2017.08.23","chunithm","外部","https://chunithm.sega.jp/irodorimidori/release/cd08/"
"イロドリミドリ / あねぺったん","2017.05.07","chunithm","外部","https://chunithm.sega.jp/irodorimidori/release/cd07/"
"イロドリミドリ / ドキドキDREAM!!!","2016.12.29","chunithm","外部","https://chunithm.sega.jp/irodorimidori/release/cd05/"
"イロドリミドリ / 単位","2016.08.12","chunithm","外部","https://chunithm.sega.jp/irodorimidori/release/cd04/"
"イロドリミドリ / Help me, あーりん！/ なるとなぎのパーフェクトロックンロール教室","2016.05.08","chunithm","外部","https://chunithm.sega.jp/irodorimidori/release/cd03/"
"イロドリミドリ / 無敵We are one!!","2016.02.20","chunithm","外部","https://chunithm.sega.jp/irodorimidori/release/cd02/"
"イロドリミドリ / Change Our MIRAI！","2015.12.29","chunithm","外部","https://chunithm.sega.jp/irodorimidori/release/cd01/"
"ファンタシースターオンライン2 オリジナルサウンドトラック Vol.10","2021.06.30","pso","外部","https://www.amazon.co.jp/dp/B08ZYWBDYV"
"ファンタシースターオンライン2 オリジナルサウンドトラック Vol.9","2021.04.28","pso","外部","https://www.amazon.co.jp/dp/B08VXDL4JG"
"GO SEGA - 60th ANNIVERSARY Album -","2021.03.24","pso","内部","https://music.sega.co.jp/release/consumer/gosega.html"
"Phantasy Star Vocal Collection","2020.11.25","pso","外部","https://www.amazon.co.jp/Phantasy-Star-Vocal-Collection-CD4%E6%9E%9A%E7%B5%84/dp/B08LHSPC8Q"
"ファンタシースターオンライン2 オリジナルサウンドトラック Vol.7&8 豪華セット","2019.08.28","pso","外部","https://www.amazon.co.jp/%E3%83%95%E3%82%A1%E3%83%B3%E3%82%BF%E3%82%B7%E3%83%BC%E3%82%B9%E3%82%BF%E3%83%BC%E3%82%AA%E3%83%B3%E3%83%A9%E3%82%A4%E3%83%B32-%E3%82%AA%E3%83%AA%E3%82%B8%E3%83%8A%E3%83%AB%E3%82%B5%E3%82%A6%E3%83%B3%E3%83%89%E3%83%88%E3%83%A9%E3%83%83%E3%82%AF-Vol-7-%E8%B1%AA%E8%8F%AF%E3%82%BB%E3%83%83%E3%83%88-CD6%E6%9E%9A%E7%B5%84/dp/B07V2MD8M5/ref=pd_lpo_15_t_1/355-8303225-4380616?_encoding=UTF8&amp;pd_rd_i=B07V2MD8M5&amp;pd_rd_r=26a1da6f-0ac0-41c4-8976-04203f26496a&amp;pd_rd_w=l5hM1&amp;pd_rd_wg=1fvZB&amp;pf_rd_p=4b55d259-ebf0-4306-905a-7762d1b93740&amp;pf_rd_r=C7JFXCNGQ4W4B64W1ERZ&amp;psc=1&amp;refRID=C7JFXCNGQ4W4B64W1ERZ"
"ファンタシースターオンライン2 オリジナルサウンドトラック Vol.8","2019.08.28","pso","外部","https://www.amazon.co.jp/%E3%83%95%E3%82%A1%E3%83%B3%E3%82%BF%E3%82%B7%E3%83%BC%E3%82%B9%E3%82%BF%E3%83%BC%E3%82%AA%E3%83%B3%E3%83%A9%E3%82%A4%E3%83%B32-%E3%82%AA%E3%83%AA%E3%82%B8%E3%83%8A%E3%83%AB%E3%82%B5%E3%82%A6%E3%83%B3%E3%83%89%E3%83%88%E3%83%A9%E3%83%83%E3%82%AF-Vol-8-CD3%E6%9E%9A%E7%B5%84-%E3%83%95%E3%82%A1%E3%83%B3%E3%82%BF%E3%82%B7%E3%83%BC%E3%82%B9%E3%82%BF%E3%83%BC%E3%82%B7%E3%83%AA%E3%83%BC%E3%82%BA/dp/B07V82858V/ref=pd_lpo_15_img_2/355-8303225-4380616?_encoding=UTF8&amp;pd_rd_i=B07V82858V&amp;pd_rd_r=26a1da6f-0ac0-41c4-8976-04203f26496a&amp;pd_rd_w=l5hM1&amp;pd_rd_wg=1fvZB&amp;pf_rd_p=4b55d259-ebf0-4306-905a-7762d1b93740&amp;pf_rd_r=C7JFXCNGQ4W4B64W1ERZ&amp;psc=1&amp;refRID=C7JFXCNGQ4W4B64W1ERZ"
"ファンタシースターオンライン2 オリジナルサウンドトラック Vol.7","2019.08.28","pso","外部","https://www.amazon.co.jp/%E3%83%95%E3%82%A1%E3%83%B3%E3%82%BF%E3%82%B7%E3%83%BC%E3%82%B9%E3%82%BF%E3%83%BC%E3%82%AA%E3%83%B3%E3%83%A9%E3%82%A4%E3%83%B32-%E3%82%AA%E3%83%AA%E3%82%B8%E3%83%8A%E3%83%AB%E3%82%B5%E3%82%A6%E3%83%B3%E3%83%89%E3%83%88%E3%83%A9%E3%83%83%E3%82%AF-Vol-7-CD3%E6%9E%9A%E7%B5%84-%E3%83%95%E3%82%A1%E3%83%B3%E3%82%BF%E3%82%B7%E3%83%BC%E3%82%B9%E3%82%BF%E3%83%BC%E3%82%B7%E3%83%AA%E3%83%BC%E3%82%BA/dp/B07V3RFDCH"
"ファンタシースターオンライン2 オリジナルサウンドトラック Vol.6","2017.08.23","pso","外部","https://www.amazon.co.jp/%E3%83%95%E3%82%A1%E3%83%B3%E3%82%BF%E3%82%B7%E3%83%BC%E3%82%B9%E3%82%BF%E3%83%BC%E3%82%AA%E3%83%B3%E3%83%A9%E3%82%A4%E3%83%B32-%E3%82%AA%E3%83%AA%E3%82%B8%E3%83%8A%E3%83%AB%E3%82%B5%E3%82%A6%E3%83%B3%E3%83%89%E3%83%88%E3%83%A9%E3%83%83%E3%82%AF-Vol-6-%E3%83%95%E3%82%A1%E3%83%B3%E3%82%BF%E3%82%B7%E3%83%BC%E3%82%B9%E3%82%BF%E3%83%BC%E3%82%B7%E3%83%AA%E3%83%BC%E3%82%BA/dp/B071K1WN16"
"ファンタシースターオンライン2 オリジナルサウンドトラック Vol.5","2017.06.28","pso","外部","https://www.amazon.co.jp/%E3%83%95%E3%82%A1%E3%83%B3%E3%82%BF%E3%82%B7%E3%83%BC%E3%82%B9%E3%82%BF%E3%83%BC%E3%82%AA%E3%83%B3%E3%83%A9%E3%82%A4%E3%83%B32-%E3%82%AA%E3%83%AA%E3%82%B8%E3%83%8A%E3%83%AB%E3%82%B5%E3%82%A6%E3%83%B3%E3%83%89%E3%83%88%E3%83%A9%E3%83%83%E3%82%AF-Vol-5-%E3%83%95%E3%82%A1%E3%83%B3%E3%82%BF%E3%82%B7%E3%83%BC%E3%82%B9%E3%82%BF%E3%83%BC%E3%82%B7%E3%83%AA%E3%83%BC%E3%82%BA/dp/B06XQHRFNT"
"ファンタシースターオンライン2 オリジナルサウンドトラック Vol.4","2016.04.13","pso","なし",""
"ファンタシースター ノヴァ オリジナルサウンドトラック","2015.01.28","pso","なし",""
"ファンタシースターオンライン2 オリジナルサウンドトラック Vol.3","2014.12.24","pso","なし",""
"ファンタシースター ミュージックコレクション 2000 -2007","2013.12.25","pso","なし",""
"ファンタシースターオンライン2 オリジナルサウンドトラック Vol.2","2013.11.27","pso","なし",""
"ファンタシースターオンライン2 オリジナルサウンドトラック Vol.1","2013.10.30","pso","なし",""
"ファンタシースターシリーズ 25周年記念コンサート シンパシー2013 ライブメモリアルアルバム","2013.09.25","pso","なし",""
"PHANTASY STAR PORTABLE 2 INFINITY ORIGINAL SOUNDTRACK","2012.09.19","pso","なし",""
"PHANTASY STAR PORTABLE 2 Original Sound Track ""Wings of Universe""","2010.01.13","pso","なし",""
"ファンタシースターZERO オリジナルサウンドトラック","2009.01.28","pso","外部","http://ebten.jp/sega/p/4571164389714/"
"ファンタシースターユニバース イルミナスの野望 オリジナルサウンドトラック","2008.07.31","pso","外部","http://ebten.jp/sega/p/4571164389639/"
"ファンタシースター ファーストシリーズ・コンプリートアルバム","2008.03.27","pso","外部","http://ebten.jp/sega/p/4571164389585/"
"PHANTASY STAR UNIVERSE FOR BRIGHTER DAY","2006.10.12","pso","外部","http://ebten.jp/sega/p/4571164380360/"
"PHANTASY STAR UNIVERSE SAVE THIS WORLD PHANTASY STAR UNIVERSE ORIGINAL SCORE","2006.09.13","pso","外部","http://www.amazon.co.jp/dp/B000GPIHX6/"
"Phantasy Star Online episodeIII C.A.R.D.Revolution LET THE WINDS BLOW","2003.12.10","pso","なし",""
"Readyyy! 4th Anniversary LIVE Twinkle of Protostars","2022.06.29","readyyy","外部","https://bit.ly/3OykXiE"
"Readyyy! 「T.O.P Idol SHOW!!」EP","2022.06.22","readyyy","外部","http://bit.ly/3A7zc9Z"
"RE:motion ~この一瞬を、何度でも~","2021.12.22","readyyy","外部","https://www.amazon.co.jp/dp/B09M4YJMVZ?psc=1&amp;ref_=cm_sw_r_cp_ud_dp_V4QA7QE92K4HRMXXWCHW"
"Readyyy! Album vol.5","2021.12.22","readyyy","外部","https://www.amazon.co.jp/dp/B09M577VSQ?ref_=cm_sw_r_cp_ud_dp_CQ5W5E837P69FHVN3EC0"
"Readyyy! song collection The Beginning Place","2019.11.09","readyyy","外部","https://www.animate-onlineshop.jp/pn/%E3%80%90%E3%82%A2%E3%83%AB%E3%83%90%E3%83%A0%E3%80%91Readyyy%21+song+collection+The+Beginning+Place/pd/1721211/"
"Readyyy! 第4弾CD","2019.08.17","readyyy","外部","https://www.animate-onlineshop.jp/pd/1667881/"
"Readyyy! Selections","2019.03.27","readyyy","なし",""
"Readyyy! 第3弾CD","2018.09.20","readyyy","外部","https://www.animate-onlineshop.jp/pn/%E3%80%90%E3%82%AD%E3%83%A3%E3%83%A9%E3%82%AF%E3%82%BF%E3%83%BC%E3%82%BD%E3%83%B3%E3%82%B0%E3%80%91Readyyy%21+%E7%AC%AC3%E5%BC%BECD/pd/1667880/"
"Readyyy! 第2弾CD","2018.06.03","readyyy","外部","https://www.animate-onlineshop.jp/pn/%E3%80%90%E3%82%AD%E3%83%A3%E3%83%A9%E3%82%AF%E3%82%BF%E3%83%BC%E3%82%BD%E3%83%B3%E3%82%B0%E3%80%91Readyyy%21+%E7%AC%AC2%E5%BC%BECD/pd/1667879/"
"Readyyy! 第1弾CD","2018.04.14","readyyy","外部","https://www.animate-onlineshop.jp/pn/%E3%80%90%E3%82%AD%E3%83%A3%E3%83%A9%E3%82%AF%E3%82%BF%E3%83%BC%E3%82%BD%E3%83%B3%E3%82%B0%E3%80%91Readyyy%21+%E7%AC%AC1%E5%BC%BECD/pd/1667878/"
"園崎未恵 / Chocolat","2008.02.14","voice","なし",""
"エターナルレジェンド〜継承の系譜〜下巻 / V.A.","2008.01.25","voice","なし",""
"Cassis / 目眩","2007.12.28","voice","なし",""
"高乃麗 / 天国への階段","2007.11.30","voice","なし",""
"エターナルレジェンド〜継承の系譜〜中巻 / V.A.","2007.10.31","voice","なし",""
"こえたま / Hallo! Sunshine!!","2007.10.05","voice","なし",""
"エターナルレジェンド〜継承の系譜〜上巻 / V.A.","2007.08.31","voice","なし",""
"Happies BEST Vol.1 / V.A.","2007.08.10","voice","なし",""
"松谷彼哉 / Rose Balcony","2007.07.13","voice","なし",""
"園崎未恵 / Lucky☆777","2007.07.07","voice","なし",""
"まるたまり / MALTA-VO","2007.05.25","voice","なし",""
"Layla(笹川亜矢奈、咲乃藍里、高橋圭一) / Gift","2007.02.23","voice","なし",""
"こえたま / Voice Line","2006.12.29","voice","なし",""
"園崎未恵 / Tales","2006.12.27","voice","なし",""
"ナナケンキクコ(井上喜久子、井ノ上奈々、鷲崎健) / Doki2ほりでい〜そらいけお父さん〜","2006.12.22","voice","なし",""
"ユキクラ(倉田雅世、松浦有希) ユキクラ姉妹・Orchard Fruits","2006.10.20","voice","なし",""
"松野太紀 / GOOD BETTER BEST","2006.10.18","voice","なし",""
"杉山紀彰 / on th way","2006.10.12","voice","なし",""
"Lux-age / Tomorrow Maker","2006.08.31","voice","なし",""
"Layla(笹川亜矢奈、咲乃藍里、高橋圭一) / Layla's Fantasy","2006.06.28","voice","なし",""
"中尾良平 / 3000 (さんぜん)","2006.06.22","voice","なし",""
"園崎未恵 / Sphere","2006.03.10","voice","なし",""
"パレット / SWEET★SPICE","2005.12.21","voice","なし",""
"杉山紀彰 / fragment","2005.12.14","voice","なし",""
"パレット / 心のパレット","2005.08.10","voice","なし",""
"ピンクレインボウ 2","2005.04.13","voice","なし",""
"J×J / Ready !","2005.03.24","voice","なし",""
"ピンクレインボウ ライブ！","2005.02.23","voice","なし",""
"ピンクレインボウ","2004.11.17","voice","なし",""
"RADIO DC / V.A.","2004.05.12","voice","なし",""
"ドラマＣＤ りょー子先生の診察室 〜迷える子羊には愛のムチよ〜","2004.01.21","voice","なし",""
"シャイニング・フォース クロスレイド オリジナルサウンドトラック","2011.01.26","shining","なし",""
"シャイニング・フォース フェザー サウンドトラック","2009.06.24","shining","なし",""
"Shining Tears X Wind Original Soundtrack","2007.11.28","shining","なし",""
"SHINING WIND Music Collection","2007.05.31","shining","外部","http://ebten.jp/sega/p/4571164389356/"
"シャイニング・フォース イクサ オリジナルサウンドトラック","2007.03.22","shining","外部","http://ebten.jp/sega/p/4571164389288/"
"シャイニング・ティアーズ ドラマCD Vol.1 Side 陰 〜 Memories and departure 〜","2006.03.30","shining","なし",""
"シャイニング・ティアーズ ドラマCD Vol.2 Side 陽 〜 勇者亭繁盛記＜お金と料理と友情と＞〜","2006.01.26","shining","なし",""
"シャイング・ティアーズ ミュージック コレクション","2005.10.26","shining","なし",""
"Shining Theme Music Shiro SAGISU Collection","2005.03.30","shining","なし",""
"シャイニング・フォース ネオ ミュージックコレクション","2005.03.30","shining","外部","http://ebten.jp/sega/p/4974365153946/"
"ブラブラバンバン オリジナルサウンドラック","2008.03.05","tv","なし",""
"ぱすてる☆キッズ","2007.04.04","tv","なし",""
"小倉優子 ゆうこりんといっしょ♪ 〜優遊星のゆうこりん 童謡コレクション1","2007.02.28","tv","なし",""
"小倉優子 ゆうこりんといっしょ♪ 〜優遊星のゆうこりん 童謡コレクション2","2007.02.28","tv","なし",""
"転がれ!たま子 オリジナルサウンドトラック","2005.01.25","tv","なし",""
"ソニックエックス オリジナル・サウンド・トラックス","2004.03.03","tv","なし",""
"DISC UP 25th Anniversary Collection","2025.12.10","pachinko","内部","https://music.sega.co.jp/release/pachinko/du25th.html"
"DISC UP ULTRAREMIX ORIGINAL SOUND TRACK","2025.02.20","pachinko","内部","https://music.sega.co.jp/release/pachinko/du3.html"
"PACHISLOT DISC UP 2 ORIGINAL SOUND TRACK","2022.04.07","pachinko","外部","https://amazon.co.jp/dp/B09XVC8DYZ"
"ツインエンジェル PARTY","2021.11.24","pachinko","外部","https://amazon.co.jp/dp/B09X1Z1HTJ"
"Midori-chan Best | みどりちゃんBEST","2020.02.22","pachinko","外部","https://amazon.co.jp/dp/B09X1Z16Z5"
"REMIX UP ~ PACHISLOT DISC UP SPECIAL Remix CD","2020.02.22","pachinko","外部","https://amazon.co.jp/dp/B000G0O848"
"PACHISLOT DISC UP ORIGINAL SOUND TRACK","2018.11.25","pachinko","外部","https://amazon.co.jp/dp/B07KM1WNJ5"
"BURNING RANGERS - SEGASATURN 30th Anniv. Album","2024.11.22","consumer","内部","https://music.sega.co.jp/release/consumer/br.html"
"maimai コンプリートソングコレクション ジューシーBOX","2016.12.29","maimai","外部","https://maimai.sega.jp/special/"
"maimai楽曲歌唱スペシャルコレクション ゴージャスBOX","2014.09.18","maimai","外部","https://maimai.sega.jp/special/"